Timestamp,Track,Groove quality ,Coherence,Variety
4/9/2026 16:50:11,Track 1,3,4,3
4/9/2026 17:54:55,Track 1,3,3,2
4/9/2026 19:12:25,Track 1,4,5,5
4/13/2026 13:28:24,Track 1,4,3,3
4/13/2026 13:31:35,Track 1,4,2,2
4/13/2026 13:34:18,Track 1,3,4,3
4/13/2026 13:36:05,Track 1,4,3,3
4/13/2026 13:45:45,Track 1,4,3,3
4/13/2026 13:48:11,Track 1,3,3,2
4/13/2026 13:49:35,Track 1,3,2,2
4/9/2026 16:50:11,Track 2,4,3,3
4/9/2026 17:54:55,Track 2,3,2,2
4/9/2026 19:12:25,Track 2,3,4,4
4/13/2026 13:28:24,Track 2,5,5,1
4/13/2026 13:31:35,Track 2,5,4,2
4/13/2026 13:34:18,Track 2,5,2,2
4/13/2026 13:36:05,Track 2,5,4,1
4/13/2026 13:45:45,Track 2,5,5,2
4/13/2026 13:48:11,Track 2,5,3,2
4/13/2026 13:49:35,Track 2,5,4,2
4/9/2026 16:50:11,Track 3,2,4,3
4/9/2026 17:54:55,Track 3,3,3,2
4/9/2026 19:12:25,Track 3,2,4,2
4/13/2026 13:28:24,Track 3,5,4,3
4/13/2026 13:31:35,Track 3,5,4,3
4/13/2026 13:34:18,Track 3,2,4,3
4/13/2026 13:36:05,Track 3,5,3,3
4/13/2026 13:45:45,Track 3,5,4,3
4/13/2026 13:48:11,Track 3,3,3,3
4/13/2026 13:49:35,Track 3,5,4,3
4/9/2026 16:50:11,Track 4,4,3,5
4/9/2026 17:54:55,Track 4,3,3,2
4/9/2026 19:12:25,Track 4,2,3,2
4/13/2026 13:28:24,Track 4,5,5,4
4/13/2026 13:31:35,Track 4,5,5,4
4/13/2026 13:34:18,Track 4,4,3,5
4/13/2026 13:36:05,Track 4,5,5,4
4/13/2026 13:45:45,Track 4,5,5,4
4/13/2026 13:48:11,Track 4,3,3,2
4/13/2026 13:49:35,Track 4,5,5,4
4/9/2026 16:50:11,Track 5,4,4,4
4/9/2026 17:54:55,Track 5,4,4,3
4/9/2026 19:12:25,Track 5,3,4,3
4/13/2026 13:28:24,Track 5,4,2,1
4/13/2026 13:31:35,Track 5,4,3,2
4/13/2026 13:34:18,Track 5,4,4,3
4/13/2026 13:36:05,Track 5,4,2,1
4/13/2026 13:45:45,Track 5,4,3,3
4/13/2026 13:48:11,Track 5,5,4,3
4/13/2026 13:49:35,Track 5,4,3,2
4/9/2026 16:50:11,Track 6,4,3,4
4/9/2026 17:54:55,Track 6,4,4,4
4/9/2026 19:12:25,Track 6,4,3,2
4/13/2026 13:28:24,Track 6,3,5,2
4/13/2026 13:31:35,Track 6,2,5,3
4/13/2026 13:34:18,Track 6,4,3,4
4/13/2026 13:36:05,Track 6,3,5,2
4/13/2026 13:45:45,Track 6,3,5,3
4/13/2026 13:48:11,Track 6,4,4,4
4/13/2026 13:49:35,Track 6,4,4,2
4/9/2026 16:50:11,Track 7,3,4,5
4/9/2026 17:54:55,Track 7,3,3,2
4/9/2026 19:12:25,Track 7,3,2,3
4/13/2026 13:28:24,Track 7,4,4,2
4/13/2026 13:31:35,Track 7,4,4,2
4/13/2026 13:34:18,Track 7,3,4,5
4/13/2026 13:36:05,Track 7,4,4,2
4/13/2026 13:45:45,Track 7,4,4,2
4/13/2026 13:48:11,Track 7,3,3,2
4/13/2026 13:49:35,Track 7,5,4,3
4/9/2026 16:50:11,Track 8,4,5,5
4/9/2026 17:54:55,Track 8,3,3,3
4/9/2026 19:12:25,Track 8,2,3,2
4/13/2026 13:28:24,Track 8,5,4,3
4/13/2026 13:31:35,Track 8,5,4,3
4/13/2026 13:34:18,Track 8,4,5,5
4/13/2026 13:36:05,Track 8,5,4,3
4/13/2026 13:45:45,Track 8,5,4,3
4/13/2026 13:48:11,Track 8,4,3,4
4/13/2026 13:49:35,Track 8,4,3,4
4/9/2026 16:50:11,Track 9,4,5,4
4/9/2026 17:54:55,Track 9,3,3,2
4/9/2026 19:12:25,Track 9,1,3,3
4/13/2026 13:28:24,Track 9,5,3,5
4/13/2026 13:31:35,Track 9,5,3,4
4/13/2026 13:34:18,Track 9,5,5,3
4/13/2026 13:36:05,Track 9,5,3,4
4/13/2026 13:45:45,Track 9,4,4,5
4/13/2026 13:48:11,Track 9,3,3,2
4/13/2026 13:49:35,Track 9,5,3,4
4/9/2026 16:50:11,Track 10,3,3,2
4/9/2026 17:54:55,Track 10,4,4,5
4/9/2026 19:12:25,Track 10,3,4,3
4/13/2026 13:28:24,Track 10,5,3,4
4/13/2026 13:31:35,Track 10,5,3,4
4/13/2026 13:34:18,Track 10,4,3,3
4/13/2026 13:36:05,Track 10,5,3,4
4/13/2026 13:45:45,Track 10,5,2,4
4/13/2026 13:48:11,Track 10,4,4,5
4/13/2026 13:49:35,Track 10,5,3,4
